,index,Ticker,Gap
0,1646,AGFY,131.25
1,1248,DRMA,85.22
2,1620,ALLR,67.8
3,490,PHIO,51.16
4,302,SLGG,43.62
5,1609,AMPE,38.51
6,360,SABS,37.9
7,180,TORO,29.23
8,1281,CYTO,21.82
9,1596,ANGN,21.5
10,342,SDIG,17.84
11,777,LSDI,17.72
12,1358,CLWT,17.0
13,1500,BEAT,16.46
14,55,WINT,16.12
15,742,MCOM,15.74
16,400,RELI,13.84
17,292,SMX,13.33
18,1511,BBLG,12.46
19,1542,ATNX,12.06
20,1532,AUUD,11.93
21,1360,CLSK,11.86
22,1428,BXRX,11.76
23,1286,CYCN,11.67
24,630,NERV,11.61
25,1250,DRCT,11.6
26,872,JOAN,11.54
27,823,LASE,11.33
28,1038,GNPX,10.86
29,365,RVPH,10.6
30,52,WKEY,9.78
31,1431,BWEN,9.61
32,40,WULF,9.31
33,287,SNES,9.19
34,184,TNON,8.29
35,849,KLR,8.15
36,1655,AEMD,7.76
37,1648,AGBA,7.41
38,557,OMGA,7.34
39,1265,DGHI,7.33
40,1424,CAAS,7.24
41,860,KA,7.21
42,1284,CYN,7.11
43,884,IVDA,7.06
44,1570,ARBK,6.99
45,926,IMMX,6.94
46,3,ZURA,6.85
47,445,PTPI,6.75
48,1113,FOXO,6.68
49,602,NOGN,6.67
50,825,LABP,6.66
51,896,IREN,6.6
52,413,RBT,6.54
53,278,SOBR,6.44
54,1601,AMTI,6.34
55,310,SINT,6.25
56,1405,CDIO,6.2
57,1484,BIVI,6.17
58,314,SIEN,6.14
59,194,TISI,6.03
60,629,NEXA,5.8
61,322,SHCO,5.77
62,211,TCBP,5.75
63,693,MNMD,5.68
64,1379,CIFR,5.66
65,1355,CMCT,5.57
66,1396,CELZ,5.54
67,447,PTIX,5.37
68,348,SBIG,5.26
69,977,HRTG,5.23
70,12,ZDGE,5.1
71,463,PROC,4.96
72,577,NXTC,4.9
73,334,SEV,4.86
74,1469,BNRG,4.86
75,943,IFRX,4.82
76,628,NEXI,4.81
77,1501,BDTX,4.7
78,516,PBLA,4.64
79,1568,ARDS,4.46
80,710,MIND,4.35
81,1684,AAOI,4.34
82,1053,GLMD,4.32
83,86,VNRX,4.29
84,193,TIVC,4.24
85,1494,BFRI,4.22
86,246,STBX,4.19
87,866,JUPW,4.12
88,1317,CRGO,4.09
89,20,YI,4.09
90,232,SVFD,3.99
91,1194,ELOX,3.99
92,1486,BIOL,3.96
93,824,LANV,3.89
94,1299,CURO,3.89
95,366,RVP,3.85
96,1041,GMVD,3.8
97,373,RPHM,3.76
98,1581,APLT,3.71
99,862,JZ,3.64
100,42,WTER,3.63
101,182,TOP,3.62
102,820,LBPH,3.59
103,868,JRSH,3.56
104,816,LDI,3.56
105,90,VLCN,3.5
106,216,TAST,3.46
107,877,JFBR,3.44
108,778,LRMR,3.42
109,1397,CELU,3.38
110,1661,ADIL,3.38
111,1043,GMBL,3.35
112,1029,GREE,3.31
113,435,PXS,3.3
114,1175,EPOW,3.29
115,1635,AIM,3.28
116,1143,FARM,3.27
117,1165,ETON,3.14
118,1410,CBIO,3.04
119,133,USDP,3.02
120,1255,DMTK,3.0
121,396,REVB,2.99
122,1134,FEIM,2.99
123,749,MBIO,2.99
124,611,NMG,2.97
125,107,VEV,2.94
126,563,OESX,2.91
127,1650,AFIB,2.9
128,1078,GBR,2.86
129,1077,GBRG,2.85
130,919,IMV,2.83
131,581,NVVE,2.81
132,480,PLSE,2.75
133,398,RETO,2.74
134,1314,CRVS,2.7
135,99,VINP,2.7
136,1618,ALPN,2.68
137,214,TBIO,2.67
138,227,SWVL,2.65
139,683,MOND,2.63
140,1373,CKPT,2.6
141,452,PSHG,2.58
142,651,MYTE,2.57
143,769,LUCD,2.57
144,455,PRTG,2.56
145,356,SANG,2.56
146,776,LSEA,2.46
147,571,OCC,2.46
148,441,PVBC,2.45
149,135,USAP,2.41
150,950,ID,2.4
151,1615,ALT,2.39
152,338,SEED,2.36
153,178,TPC,2.35
154,1294,CVU,2.35
155,832,KTCC,2.34
156,264,SPRO,2.33
157,399,RENN,2.31
158,717,MGRX,2.28
159,564,ODV,2.27
160,364,RVSB,2.24
161,1555,ASPS,2.21
162,664,MTC,2.21
163,204,TENX,2.16
164,1523,AXTI,2.15
165,1633,AIP,2.13
166,1114,FOSL,2.13
167,1120,FNCB,2.11
168,438,PWFL,2.1
169,1437,BTTR,2.1
170,1669,ACRV,2.09
171,702,MKTW,2.03
172,1123,FLL,2.03
173,813,LEJU,2.02
174,114,VCNX,2.0
175,565,OCUP,1.99
176,1549,ASYS,1.96
177,790,LMDX,1.95
178,985,HNRG,1.94
179,1047,GLT,1.91
180,391,RGS,1.9
181,1550,ASTS,1.88
182,190,TKNO,1.86
183,1178,EOLS,1.86
184,1441,BTCM,1.85
185,237,STTK,1.85
186,1344,CNTB,1.83
187,1622,ALGS,1.82
188,1323,CPSS,1.81
189,572,OBLG,1.8
190,692,MNOV,1.78
191,486,PIII,1.77
192,1030,GRCL,1.76
193,1626,AKAN,1.75
194,461,PRPO,1.73
195,236,SUNW,1.72
196,1218,ECX,1.71
197,274,SONM,1.71
198,1593,ANNX,1.68
199,887,ITRM,1.67
200,392,RGLS,1.64
201,1354,CMLS,1.63
202,1507,BCEL,1.62
203,927,IMMR,1.6
204,262,SQFT,1.59
205,990,HILS,1.58
206,607,NMTR,1.58
207,940,IGIC,1.58
208,1283,CYT,1.55
209,1130,FF,1.55
210,659,MUX,1.54
211,1578,APRN,1.53
212,1177,EPIX,1.53
213,1671,ACOR,1.51
214,785,LOAN,1.49
215,1485,BIOR,1.47
216,119,VAXX,1.44
217,255,SRT,1.44
218,513,PCM,1.42
219,1065,GGT,1.42
220,1584,APEI,1.41
221,1202,EHTH,1.38
222,1541,ATOM,1.38
223,223,SYRS,1.35
224,1404,CDLX,1.35
225,171,TRVN,1.32
226,1588,AOUT,1.31
227,259,SQZ,1.3
228,1246,DRTS,1.3
229,833,KSPN,1.3
230,430,QH,1.29
231,1435,BURU,1.29
232,1381,CIA,1.28
233,829,KTTA,1.26
234,27,XPON,1.23
235,335,SERA,1.22
236,235,SUP,1.2
237,1013,GTEC,1.19
238,289,SND,1.18
239,1075,GCTK,1.16
240,818,LCI,1.15
241,1668,ACRX,1.15
242,1551,ASTI,1.14
243,437,PWP,1.13
244,346,SCKT,1.12
245,1420,CANF,1.12
246,783,LOCO,1.1
247,559,OLMA,1.08
248,656,MX,1.08
249,1638,AHT,1.05
250,524,PALI,1.05
251,547,OP,1.03
252,390,RGT,1.02
253,150,UFI,1.02
254,620,NINE,1.02
255,1569,ARC,0.98
256,197,THRN,0.98
257,718,MGOL,0.97
258,9,ZEV,0.97
259,972,HT,0.96
260,1022,GROM,0.96
261,618,NISN,0.94
262,673,MRIN,0.92
263,18,YOSH,0.9
264,1594,ANIX,0.89
265,1270,DCTH,0.88
266,499,PFIE,0.85
267,1224,EARN,0.85
268,1611,AMBI,0.84
269,142,UONE,0.84
270,1160,EVEX,0.83
271,968,HTY,0.82
272,1138,FCUV,0.82
273,1670,ACR,0.82
274,1438,BTMD,0.81
275,730,METX,0.78
276,787,LNKB,0.77
277,1035,GNT,0.75
278,1298,CVGI,0.75
279,1390,CGA,0.75
280,544,OPFI,0.73
281,1091,FUSN,0.72
282,803,LGVN,0.72
283,331,SFT,0.7
284,588,NURO,0.69
285,989,HKD,0.68
286,556,OMH,0.68
287,869,JRS,0.67
288,415,RAVE,0.67
289,1074,GCV,0.67
290,1333,COMS,0.66
291,1025,GRND,0.63
292,781,LOV,0.62
293,1449,BRW,0.62
294,1606,AMPY,0.62
295,1367,CLIR,0.6
296,1166,ETAO,0.59
297,1525,AWRE,0.58
298,1072,GDL,0.57
299,1586,APCX,0.54
300,1543,ATNM,0.54
301,1049,GLRE,0.51
302,523,PALT,0.51
303,305,SKYT,0.51
304,266,SPRB,0.5
305,1492,BGI,0.49
306,254,SRTS,0.48
307,95,VIRX,0.47
308,344,SCWX,0.47
309,1159,EVF,0.47
310,466,PRAX,0.47
311,271,SOPA,0.46
312,812,LEXX,0.46
313,1415,CASA,0.44
314,1305,CTSO,0.43
315,617,NKTX,0.43
316,851,KIRK,0.42
317,1454,BRLT,0.4
318,698,MMLP,0.39
319,1513,BBCP,0.37
320,545,OPBK,0.34
321,1341,CNTY,0.34
322,903,INZY,0.34
323,120,VATE,0.34
324,1171,ERC,0.33
325,1111,FPL,0.33
326,157,TWIN,0.32
327,830,KTRA,0.3
328,963,HYB,0.3
329,885,IVAC,0.27
330,1310,CSTE,0.27
331,1052,GLO,0.27
332,847,KMF,0.26
333,249,SST,0.26
334,345,SCU,0.24
335,668,MSD,0.23
336,771,LTRX,0.23
337,1239,DSU,0.21
338,1673,ACNT,0.2
339,1370,CLBT,0.18
340,951,ICVX,0.18
341,1521,AYTU,0.18
342,132,USEA,0.18
343,1096,FTF,0.16
344,4,ZTR,0.16
345,1528,AVRO,0.16
346,1145,FAM,0.16
347,616,NL,0.15
348,128,UTI,0.14
349,1203,EHI,0.14
350,1135,FEI,0.13
351,1051,GLOP,0.12
352,1071,GECC,0.12
353,519,PAY,0.11
354,1004,HBB,0.11
355,85,VOC,0.11
356,982,HOOK,0.09
357,1099,FT,0.09
358,129,USX,0.08
359,1518,BACK,0.07
360,1326,CPIX,0.06
361,625,NHS,0.06
362,1220,ECF,0.06
363,1005,HARP,0.03
364,871,JOF,0.02
365,960,IAE,0.02
366,638,NCTY,0.01
367,1308,CTHR,0.01
368,780,LPTH,0.0
369,1046,GLTO,0.0
370,839,KRKR,0.0
371,1044,GLV,0.0
372,842,KOSS,0.0
373,848,KMDA,0.0
374,1067,GF,0.0
375,1069,GENE,0.0
376,767,LUMO,0.0
377,1042,GMGI,0.0
378,765,LUXH,0.0
379,852,KINS,0.0
380,1040,GNFT,0.0
381,1039,GNLN,0.0
382,854,KFFB,0.0
383,1036,GNSS,0.0
384,763,LVOX,0.0
385,855,KERN,0.0
386,856,KBNT,0.0
387,762,LVRO,0.0
388,857,KAVL,0.0
389,859,KAL,0.0
390,1070,GEG,0.0
391,1034,GNTA,0.0
392,861,JZXN,0.0
393,863,JXJT,0.0
394,1031,GP,-0.0
395,865,JVA,0.0
396,838,KRMD,0.0
397,834,KSM,0.0
398,1066,GGE,0.0
399,1056,GLBS,0.0
400,775,LSF,0.0
401,1055,GLBZ,0.0
402,786,LNSR,0.0
403,788,LMNL,0.0
404,793,LIZI,0.0
405,794,LIXT,0.0
406,774,LSTA,0.0
407,795,LITM,0.0
408,1058,GIPR,0.0
409,796,LIQT,0.0
410,797,LIPO,0.0
411,1060,GIGM,0.0
412,798,LINK,0.0
413,801,LICN,0.0
414,1050,GLQ,-0.0
415,773,LTBR,0.0
416,874,JMM,0.0
417,805,LGL,0.0
418,1048,GLS,0.0
419,1061,GIFI,0.0
420,806,LGHL,0.0
421,807,LFVN,0.0
422,809,LFMD,0.0
423,814,LEDS,0.0
424,819,LCFY,0.0
425,772,LTRN,0.0
426,828,KUKE,0.0
427,975,HSDT,0.0
428,880,JCSE,0.0
429,1028,GRF,0.0
430,945,IDW,0.0
431,939,IH,0.0
432,988,HKIT,0.0
433,937,IHIT,0.0
434,936,IHT,0.0
435,934,IINN,0.0
436,933,IKNA,0.0
437,991,HIHO,0.0
438,993,HGLB,0.0
439,931,ILAG,0.0
440,929,IMCC,0.0
441,996,HEXO,0.0
442,999,HCWB,0.0
443,1001,HCDIP,0.0
444,928,IMH,0.0
445,925,IMNM,0.0
446,942,IGA,-0.0
447,946,IDN,0.0
448,875,JFU,0.0
449,987,HLP,0.0
450,970,HTGM,0.0
451,976,HSCS,0.0
452,965,HUIZ,0.0
453,961,HYW,0.0
454,957,ICCC,0.0
455,956,ICD,-0.0
456,954,ICLK,0.0
457,953,ICMB,0.0
458,978,HPCO,0.0
459,980,HOUR,0.0
460,981,HOTH,0.0
461,952,ICU,0.0
462,948,IDBA,0.0
463,986,HNNA,0.0
464,947,IDE,0.0
465,924,IMNN,0.0
466,922,IMRN,0.0
467,1006,HALL,0.0
468,921,IMTE,0.0
469,1015,GSUN,0.0
470,1016,GSMG,0.0
471,890,ISUN,0.0
472,1017,GSIT,0.0
473,889,ITI,-0.0
474,888,ITP,0.0
475,886,IVA,0.0
476,883,IZM,0.0
477,881,JAN,0.0
478,1024,GRNQ,0.0
479,971,HTCR,0.0
480,879,JCTCF,0.0
481,878,JEWL,0.0
482,876,JFIN,0.0
483,1026,GRIL,0.0
484,1014,GTBP,0.0
485,892,ISPR,0.0
486,895,IRIX,0.0
487,912,INLX,0.0
488,918,INAB,0.0
489,1007,GYRO,0.0
490,1008,GWAV,0.0
491,915,INDP,0.0
492,913,INKT,0.0
493,1009,GVP,0.0
494,909,INNV,0.0
495,1012,GTHX,-0.0
496,906,INTZ,0.0
497,902,IOBT,0.0
498,900,IPA,0.0
499,1010,GURE,0.0
500,897,IPW,0.0
501,1011,GTIM,0.0
502,0,ZVSA,0.0
503,1228,DYAI,0.0
504,1073,GDC,0.0
505,1483,BJDX,0.0
506,1458,BQ,0.0
507,1459,BPTS,0.0
508,1460,BPTH,0.0
509,1462,BOTJ,0.0
510,1463,BOSC,0.0
511,1466,BOAC,0.0
512,1467,BNTC,0.0
513,1470,BNOX,0.0
514,1472,BMTX,0.0
515,1473,BMRA,0.0
516,1477,BLIN,0.0
517,1481,BKYI,0.0
518,1482,BKTI,0.0
519,1490,BIAF,0.0
520,1456,BREA,0.0
521,1491,BHAT,0.0
522,1497,BFI,0.0
523,1498,BEST,0.0
524,1499,BEDU,0.0
525,1512,BBGI,0.0
526,1519,AZYO,0.0
527,1520,AZ,0.0
528,1524,AWX,0.0
529,1526,AWIN,0.0
530,1529,AVGR,0.0
531,1533,AUST,0.0
532,1535,AUID,0.0
533,1536,AUGX,0.0
534,1457,BRAG,0.0
535,1455,BRFH,0.0
536,1539,ATXG,0.0
537,1399,CEE,0.0
538,1368,CLGN,0.0
539,1369,CLEU,0.0
540,1372,CKX,0.0
541,1377,CING,0.0
542,1378,CIIG,0.0
543,1382,CHSN,0.0
544,1383,CHNR,0.0
545,1384,CHMI,-0.0
546,1386,CHCI,0.0
547,1387,CGTX,0.0
548,1388,CGRN,0.0
549,1389,CGO,0.0
550,1394,CETX,0.0
551,1400,CEAD,0.0
552,1451,BRSH,0.0
553,1402,CDXC,0.0
554,1403,CDRO,0.0
555,1408,CCEL,0.0
556,1411,CBH,0.0
557,1416,CARV,0.0
558,1427,BYFC,0.0
559,1429,BWV,0.0
560,1432,BWAY,0.0
561,1440,BTCS,-0.0
562,1442,BTBD,0.0
563,1445,BSQR,0.0
564,1448,BSBK,0.0
565,1450,BRTX,0.0
566,1537,ATY,0.0
567,1540,ATTO,0.0
568,1363,CLPS,0.0
569,1654,AENZ,0.0
570,1634,AIMD,0.0
571,1636,AIHS,0.0
572,1637,AIH,0.0
573,1639,AHI,0.0
574,1640,AHG,0.0
575,1642,AGRX,0.0
576,1643,AGRI,0.0
577,1644,AGMH,0.0
578,1647,AGE,0.0
579,1649,AGAE,0.0
580,1651,AEZS,0.0
581,1652,AEYE,0.0
582,1653,AEY,0.0
583,1656,AEI,0.0
584,1631,AIRI,0.0
585,1657,AEHL,0.0
586,1658,ADTX,0.0
587,1659,ADSE,0.0
588,1662,ADES,0.0
589,1665,ADAG,0.0
590,1666,ACXP,0.0
591,1667,ACST,0.0
592,1672,ACON,0.0
593,1674,ACIU,0.0
594,1677,ACGN,0.0
595,1680,ABVC,0.0
596,1682,ABIO,0.0
597,1685,AAME,0.0
598,1632,AIRG,0.0
599,1624,ALAR,0.0
600,1544,ATNF,-0.0
601,1579,APRE,0.0
602,1545,ATIF,0.0
603,1547,ATHE,0.0
604,1553,ASRV,0.0
605,1556,ASPI,0.0
606,1557,ASNS,0.0
607,1559,ASLN,0.0
608,1562,ARTL,0.0
609,1564,ARMP,0.0
610,1567,AREB,0.0
611,1574,APYX,0.0
612,1575,APWC,0.0
613,1576,APVO,0.0
614,1577,APT,0.0
615,1580,APM,0.0
616,1623,ALBT,0.0
617,1582,APLM,0.0
618,1585,APDN,0.0
619,1591,ANTE,0.0
620,1592,ANPC,0.0
621,1597,ANGH,0.0
622,1598,ANEB,0.0
623,1602,AMTD,0.0
624,1605,AMS,0.0
625,1610,AMBO,0.0
626,1614,ALTU,0.0
627,1616,ALRN,0.0
628,1617,ALPS,0.0
629,1621,ALIM,0.0
630,1366,CLLS,0.0
631,1361,CLRO,0.0
632,1079,GBNY,0.0
633,1193,ELSE,0.0
634,1168,ESBA,0.0
635,1169,ERYP,0.0
636,1170,ERNA,0.0
637,1172,EQS,0.0
638,1173,EQ,0.0
639,1179,EOD,0.0
640,1181,ENX,0.0
641,1182,ENVB,0.0
642,1183,ENTX,0.0
643,1186,ENLV,0.0
644,1190,ELYS,0.0
645,1191,ELYM,0.0
646,1192,ELTK,0.0
647,1195,ELEV,0.0
648,1164,EUDA,0.0
649,1196,ELDN,0.0
650,1199,EKSO,0.0
651,1204,EGF,0.0
652,1206,EFTR,0.0
653,1207,EFSH,0.0
654,1208,EFOI,0.0
655,1209,EEIQ,0.0
656,1210,EEA,0.0
657,1211,EDUC,0.0
658,1214,EDN,0.0
659,1215,EDI,0.0
660,1216,EDF,0.0
661,1217,EDBL,0.0
662,1167,ESOA,0.0
663,1158,EVGN,0.0
664,1223,EAST,0.0
665,1115,FORD,0.0
666,1080,GBNH,0.0
667,1081,GB,0.0
668,1083,GANX,0.0
669,1085,GAMB,0.0
670,1088,FXLV,-0.0
671,1089,FWBI,0.0
672,1092,FUND,0.0
673,1097,FTEK,0.0
674,1100,FSI,0.0
675,1101,FRZA,0.0
676,1102,FRTX,0.0
677,1104,FRLN,0.0
678,1112,FPAY,0.0
679,1124,FKWL,0.0
680,1157,EVM,0.0
681,1125,FINW,0.0
682,1127,FGI,0.0
683,1128,FGF,0.0
684,1129,FGB,0.0
685,1133,FEMY,0.0
686,1136,FEDU,0.0
687,1141,FATBB,0.0
688,1142,FAT,0.0
689,1147,EZFL,0.0
690,1151,EXD,0.0
691,1152,EVTV,0.0
692,1154,EVOK,0.0
693,1155,EVOJ,0.0
694,1221,EBON,0.0
695,1227,DYNT,0.0
696,1359,CLVR,0.0
697,1334,COHN,0.0
698,1293,CWBR,0.0
699,1297,CVKD,0.0
700,1302,CUEN,0.0
701,1304,CUBA,0.0
702,1306,CTM,0.0
703,1307,CTIB,0.0
704,1313,CRWS,0.0
705,1319,CREG,0.0
706,1321,CRD-B,0.0
707,1324,CPSH,0.0
708,1325,CPOP,0.0
709,1328,CPAC,0.0
710,1329,COYA,0.0
711,1335,COEP,0.0
712,1291,CXE,0.0
713,1336,COE,0.0
714,1338,CODA,0.0
715,1339,COCP,0.0
716,1340,CNXA,0.0
717,1342,CNTX,0.0
718,1343,CNTG,0.0
719,1346,CNFR,0.0
720,1348,CNET,0.0
721,1349,CMU,0.0
722,1350,CMRA,0.0
723,1352,CMND,0.0
724,1353,CMMB,0.0
725,1356,CMCM,0.0
726,1292,CXDO,0.0
727,1290,CXH,0.0
728,759,LWAY,0.0
729,1258,DMAC,0.0
730,1229,DXYN,0.0
731,1230,DXF,0.0
732,1231,DWSN,0.0
733,1234,DUNE,0.0
734,1235,DTST,0.0
735,1237,DTEA,0.0
736,1238,DSWL,0.0
737,1244,DRUG,0.0
738,1245,DRTT,0.0
739,1251,DPSI,0.0
740,1253,DOMH,0.0
741,1254,DOGZ,0.0
742,1256,DMS,0.0
743,1260,DLPN,0.0
744,1289,CYAD,0.0
745,1263,DHX,-0.0
746,1264,DGLY,0.0
747,1267,DFFN,0.0
748,1268,DERM,0.0
749,1269,DDI,0.0
750,1271,DBTX,0.0
751,1274,DAVE,0.0
752,1275,DATS,0.0
753,1277,DALN,0.0
754,1279,DAIO,0.0
755,1282,CYTH,0.0
756,1287,CYCC,0.0
757,1288,CYAN,0.0
758,760,LVWR,-0.0
759,844,KNW,0.0
760,381,RMCF,0.0
761,372,RPID,0.0
762,337,SELF,0.0
763,341,SDPI,0.0
764,350,SBFM,0.0
765,352,SBET,0.0
766,354,SASI,0.0
767,355,SANW,0.0
768,357,SALM,0.0
769,361,RZLT,0.0
770,363,RVSN,0.0
771,367,RVLP,0.0
772,368,RSVR,0.0
773,369,RSSS,0.0
774,387,RKDA,0.0
775,567,OCG,0.0
776,388,RIBT,0.0
777,389,RHE,0.0
778,393,RGF,0.0
779,394,RFL,-0.0
780,395,RFIL,0.0
781,397,REUN,0.0
782,402,REFR,0.0
783,403,REBN,0.0
784,405,RDI,0.0
785,407,RDCM,0.0
786,409,RCRT,0.0
787,411,RCG,0.0
788,333,SFE,0.0
789,332,SFR,0.0
790,326,SGLY,0.0
791,325,SGMA,0.0
792,269,SOTK,0.0
793,273,SONN,0.0
794,276,SOHO,0.0
795,277,SOFO,0.0
796,279,SNTI,-0.0
797,280,SNTG,0.0
798,281,SNT,0.0
799,282,SNSE,-0.0
800,283,SNPX,0.0
801,284,SNOA,0.0
802,286,SNFCA,0.0
803,288,SNDA,0.0
804,291,SNAL,0.0
805,294,SMFL,0.0
806,297,SLNO,0.0
807,298,SLNH,0.0
808,299,SLNG,0.0
809,301,SLGL,0.0
810,306,SKYH,0.0
811,311,SILO,0.0
812,315,SIEB,0.0
813,318,SHPW,0.0
814,319,SHPH,0.0
815,321,SHFS,0.0
816,324,SGRP,0.0
817,419,QUIK,0.0
818,420,QUBT,0.0
819,422,QTEK,0.0
820,496,PFO,0.0
821,500,PEV,0.0
822,501,PETZ,0.0
823,502,PETV,0.0
824,506,PED,0.0
825,510,PCYG,0.0
826,512,PCSA,0.0
827,517,PBFS,0.0
828,520,PATI,0.0
829,521,PASG,-0.0
830,526,OXBR,0.0
831,527,OTRK,0.0
832,528,OST,0.0
833,529,OSS,0.0
834,530,OSI,0.0
835,531,OSA,0.0
836,532,ORTX,0.0
837,536,ORGS,0.0
838,537,OPXS,0.0
839,542,OPHC,0.0
840,543,OPGN,0.0
841,548,ONVO,0.0
842,549,ONTX,0.0
843,551,ONFO,0.0
844,555,OMQS,0.0
845,560,OLB,0.0
846,498,PFIN,0.0
847,493,PGZ,0.0
848,423,QRTEB,0.0
849,491,PHGE,0.0
850,424,QRHC,0.0
851,427,QLI,0.0
852,428,QLGN,0.0
853,431,PZG,0.0
854,433,PYPD,0.0
855,439,PW,0.0
856,442,PUYI,0.0
857,443,PULM,0.0
858,448,PTE,0.0
859,449,PT,0.0
860,450,PSTV,0.0
861,458,PRSRU,0.0
862,459,PRSR,0.0
863,460,PRSO,0.0
864,465,PRFX,0.0
865,468,POLA,0.0
866,469,POET,0.0
867,470,POCI,0.0
868,472,PNBK,0.0
869,476,PMCB,0.0
870,477,PLXP,0.0
871,479,PLUR,0.0
872,483,PLAG,0.0
873,485,PIK,0.0
874,488,PHVS,0.0
875,268,SPCB,0.0
876,265,SPRC,0.0
877,261,SQL,0.0
878,58,WHLR,0.0
879,60,WBX,-0.0
880,61,WAVE,0.0
881,63,WAFU,0.0
882,65,VYNE,0.0
883,70,VTVT,0.0
884,71,VTSI,0.0
885,72,VSTA,0.0
886,74,VRPX,0.0
887,75,VRME,0.0
888,77,VRAX,0.0
889,80,VQS,0.0
890,82,VOXR,0.0
891,83,VORB,0.0
892,87,VNCE,0.0
893,88,VMAR,0.0
894,92,VJET,0.0
895,93,VIVK,0.0
896,94,VISL,0.0
897,98,VIOT,0.0
898,100,VINO,0.0
899,101,VINE,0.0
900,102,VINC,-0.0
901,104,VIAO,0.0
902,105,VGI,0.0
903,108,VERY,0.0
904,59,WHLM,0.0
905,57,WIA,-0.0
906,113,VEDU,0.0
907,51,WKSP,0.0
908,5,ZKIN,0.0
909,7,ZIVO,0.0
910,10,ZEPP,0.0
911,13,ZCMD,0.0
912,17,YQ,0.0
913,21,YGMZ,0.0
914,23,YCBD,0.0
915,24,XYF,0.0
916,25,XTLB,0.0
917,26,XRTX,0.0
918,28,XLO,0.0
919,29,XIN,0.0
920,30,XGN,0.0
921,32,XELB,0.0
922,33,XCUR,0.0
923,35,XBIO,0.0
924,37,WYY,0.0
925,38,WWR,0.0
926,39,WVVI,0.0
927,41,WTT,0.0
928,45,WORX,0.0
929,46,WNW,0.0
930,48,WMC,0.0
931,49,WLMS,-0.0
932,50,WLDS,0.0
933,112,VEEE,0.0
934,117,VBNK,0.0
935,260,SQNS,0.0
936,192,TKAT,0.0
937,200,TGL,0.0
938,205,TEDU,0.0
939,208,TCRX,0.0
940,210,TCON,0.0
941,212,TC,0.0
942,215,TATT,0.0
943,217,TARA,0.0
944,218,TAOP,0.0
945,219,TANH,0.0
946,220,TALS,0.0
947,221,TAIT,0.0
948,222,TACT,0.0
949,226,SWZ,0.0
950,229,SWAG,0.0
951,230,SVVC,0.0
952,231,SVRE,0.0
953,233,SURG,0.0
954,238,STSS,0.0
955,240,STRR,0.0
956,247,STAF,0.0
957,248,SSY,0.0
958,251,SSNT,0.0
959,252,SSKN,0.0
960,253,SRZN,0.0
961,256,SRL,0.0
962,196,TIG,0.0
963,191,TKLF,0.0
964,122,VANI,0.0
965,189,TLF,0.0
966,123,VACC,0.0
967,125,UUU,0.0
968,126,UTSI,0.0
969,130,USIO,0.0
970,137,UPXI,0.0
971,139,UPH,0.0
972,140,UPC,0.0
973,144,UNAM,0.0
974,146,UK,0.0
975,149,UG,0.0
976,151,UFAB,0.0
977,152,UCL,0.0
978,159,TURN,0.0
979,163,TTNP,0.0
980,166,TSRI,0.0
981,168,TSI,-0.0
982,170,TSAT,0.0
983,172,TRT,0.0
984,173,TROO,0.0
985,174,TRIB,0.0
986,176,TPST,0.0
987,177,TPHS,0.0
988,179,TOVX,0.0
989,186,TMBR,0.0
990,188,TLIS,0.0
991,562,OGEN,0.0
992,1688,AACG,0.0
993,688,MOB,0.0
994,587,NUWE,0.0
995,642,NBTX,0.0
996,724,MFV,0.0
997,722,MGAM,0.0
998,650,NA,0.0
999,694,MNK,0.0
1000,603,NNY,0.0
1001,589,NTZ,0.0
1002,586,NUZE,0.0
1003,644,NBRV,0.0
1004,604,NNVC,0.0
1005,585,NVFY,0.0
1006,584,NVIV,0.0
1007,641,NBY,0.0
1008,720,MGIH,0.0
1009,719,MGLD,0.0
1010,739,MDIA,0.0
1011,599,NPCE,0.0
1012,689,MNTX,0.0
1013,647,NAVB,0.0
1014,684,MOLN,0.0
1015,680,MOXC,0.0
1016,681,MOVE,0.0
1017,735,MEDS,0.0
1018,645,NBO,0.0
1019,682,MOTS,0.0
1020,596,NRSN,0.0
1021,648,NAOV,0.0
1022,729,MF,0.0
1023,649,NAII,0.0
1024,685,MOGU,0.0
1025,686,MODD,0.0
1026,593,NSPR,0.0
1027,728,MFD,0.0
1028,678,MPU,0.0
1029,705,MITQ,0.0
1030,592,NTIP,0.0
1031,583,NVNO,0.0
1032,609,NMRD,0.0
1033,740,MCVT,0.0
1034,610,NMI,0.0
1035,636,NDRA,0.0
1036,703,MIXT,0.0
1037,621,NIM,0.0
1038,575,NYMX,0.0
1039,666,MSN,0.0
1040,574,NYXH,0.0
1041,622,NICK,0.0
1042,756,LYRA,0.0
1043,634,NEON,0.0
1044,654,MYNA,0.0
1045,663,MTEK,0.0
1046,623,NHWK,0.0
1047,633,NEOV,0.0
1048,624,NHTC,0.0
1049,632,NEPH,0.0
1050,631,NEPT,0.0
1051,626,NH,0.0
1052,708,MIRO,0.0
1053,594,NSL,0.0
1054,752,MARPS,0.0
1055,669,MSC,0.0
1056,612,NM,0.0
1057,697,MMMB,0.0
1058,711,MIGI,0.0
1059,614,NLSP,0.0
1060,743,MCN,0.0
1061,674,MRDB,0.0
1062,671,MRM,0.0
1063,745,MCHX,0.0
1064,748,MBOT,0.0
1065,699,MLGO,0.0
1066,747,MBRX,0.0
1067,700,MLEC,0.0
1068,701,MKUL,0.0
1069,580,NXGL,0.0
1070,579,NXL,0.0
1071,615,NLS,0.0
1072,481,PLM,-0.04
1073,143,UNCY,-0.04
1074,1119,FNCH,-0.05
1075,145,ULBI,-0.05
1076,1296,CVM,-0.06
1077,1487,BIOC,-0.06
1078,379,RMT,-0.06
1079,826,KZIA,-0.07
1080,1434,BV,-0.09
1081,509,PCYO,-0.1
1082,1371,CLAR,-0.1
1083,203,TESS,-0.11
1084,97,VIRC,-0.11
1085,492,PHD,-0.11
1086,187,TLYS,-0.12
1087,1068,GEOS,-0.12
1088,1430,BWG,-0.12
1089,1327,CPHI,-0.13
1090,995,HFFG,-0.13
1091,507,PDSB,-0.15
1092,1259,DLTH,-0.16
1093,343,SCYX,-0.16
1094,475,PMD,-0.19
1095,938,IHD,-0.19
1096,206,TDCX,-0.19
1097,817,LCUT,-0.19
1098,846,KNOP,-0.2
1099,804,LGMK,-0.21
1100,111,VEL,-0.22
1101,224,SYPR,-0.23
1102,308,SJ,-0.24
1103,870,JRO,-0.25
1104,746,MCBC,-0.25
1105,1522,AYRO,-0.27
1106,1385,CHEK,-0.27
1107,715,MHF,-0.3
1108,1257,DMF,-0.31
1109,31,XFLT,-0.31
1110,317,SI,-0.32
1111,295,SLS,-0.32
1112,198,THRD,-0.33
1113,597,NRO,-0.33
1114,1018,GRTX,-0.33
1115,998,HDSN,-0.36
1116,1139,FCT,-0.36
1117,160,TUP,-0.36
1118,1506,BCLI,-0.38
1119,349,SBI,-0.38
1120,374,ROOT,-0.38
1121,665,MTA,-0.38
1122,320,SHIP,-0.39
1123,1272,DBI,-0.39
1124,905,INVE,-0.4
1125,1630,AIRS,-0.4
1126,1504,BCTX,-0.4
1127,979,HOWL,-0.4
1128,590,NTWK,-0.41
1129,1452,BRQS,-0.42
1130,706,MITK,-0.43
1131,570,OCCI,-0.43
1132,207,TCS,-0.44
1133,1627,AJX,-0.44
1134,1311,CSSE,-0.45
1135,802,LIAN,-0.45
1136,421,QUAD,-0.46
1137,471,PNF,-0.46
1138,1362,CLRB,-0.47
1139,1686,AAIC,-0.49
1140,1604,AMSC,-0.49
1141,1508,BCDA,-0.49
1142,723,MG,-0.49
1143,741,MCR,-0.5
1144,815,LE,-0.51
1145,662,MTLS,-0.51
1146,462,PRPH,-0.51
1147,704,MITT,-0.52
1148,873,JNCE,-0.52
1149,1242,DSKE,-0.52
1150,518,PAYS,-0.53
1151,716,MGTX,-0.54
1152,1376,CINT,-0.54
1153,1019,GRRR,-0.55
1154,1118,FNGR,-0.56
1155,1534,AURA,-0.56
1156,831,KTF,-0.57
1157,853,KFS,-0.57
1158,627,NFTG,-0.57
1159,1419,CAPR,-0.58
1160,154,UBFO,-0.59
1161,1116,FORA,-0.59
1162,1295,CVRX,-0.6
1163,540,OPP,-0.6
1164,408,RCS,-0.61
1165,1146,EZGO,-0.61
1166,209,TCRR,-0.61
1167,799,LINC,-0.62
1168,676,MRAM,-0.63
1169,1057,GLAD,-0.63
1170,138,UPLD,-0.64
1171,1351,CMPO,-0.65
1172,1337,CODX,-0.65
1173,522,PANL,-0.65
1174,1517,BAER,-0.66
1175,353,SATX,-0.66
1176,1683,ABEO,-0.67
1177,1205,EGAN,-0.67
1178,533,ORN,-0.69
1179,494,PGP,-0.7
1180,347,SBT,-0.7
1181,1240,DSP,-0.7
1182,660,MUE,-0.71
1183,1261,DLNG,-0.72
1184,1106,FRGI,-0.72
1185,1443,BTB,-0.75
1186,734,MEGL,-0.75
1187,228,SWI,-0.75
1188,1243,DSGN,-0.77
1189,258,SRG,-0.77
1190,1285,CYD,-0.79
1191,76,VRCA,-0.79
1192,930,IMBI,-0.79
1193,1625,AKYA,-0.8
1194,1156,EVN,-0.8
1195,245,STG,-0.8
1196,410,RCON,-0.8
1197,1678,ACET,-0.82
1198,994,HGBL,-0.83
1199,1023,GRNT,-0.83
1200,1027,GRFX,-0.83
1201,8,ZIMV,-0.85
1202,1162,EVC,-0.86
1203,646,NB,-0.87
1204,1241,DSM,-0.87
1205,1150,EXFY,-0.87
1206,503,PET,-0.87
1207,1303,CUE,-0.88
1208,497,PFL,-0.88
1209,1589,AOMR,-0.89
1210,1076,GCT,-0.89
1211,351,SBEV,-0.91
1212,91,VKI,-0.92
1213,121,VAPO,-0.92
1214,573,OB,-0.92
1215,161,TTSH,-0.93
1216,1679,ACER,-0.93
1217,959,IBIO,-0.95
1218,1300,CURI,-0.96
1219,725,MFM,-0.96
1220,935,III,-0.97
1221,378,RMTI,-0.97
1222,418,RAIL,-0.98
1223,79,VRA,-0.99
1224,1086,GALT,-0.99
1225,784,LOCL,-0.99
1226,1554,ASRT,-0.99
1227,582,NVOS,-1.0
1228,1252,DPRO,-1.0
1229,304,SKYX,-1.0
1230,383,RMBI,-1.01
1231,736,MDXH,-1.03
1232,478,PLX,-1.03
1233,754,MAIA,-1.03
1234,1002,HCDI,-1.04
1235,484,PIXY,-1.04
1236,81,VPV,-1.05
1237,243,STKS,-1.06
1238,908,INOD,-1.07
1239,657,MWG,-1.08
1240,103,VIGL,-1.08
1241,1395,CEMI,-1.09
1242,534,ORMP,-1.1
1243,984,HOFV,-1.1
1244,757,LXEH,-1.1
1245,1062,GHSI,-1.1
1246,1571,ARBE,-1.13
1247,162,TTOO,-1.13
1248,1087,GAIA,-1.13
1249,1412,CBAN,-1.13
1250,440,PVL,-1.14
1251,1301,CULP,-1.14
1252,43,WSR,-1.14
1253,1149,EYEN,-1.14
1254,1212,EDTK,-1.14
1255,1312,CSBR,-1.15
1256,136,URGN,-1.15
1257,414,RAYA,-1.15
1258,489,PHT,-1.16
1259,800,LIFE,-1.16
1260,601,NOTV,-1.16
1261,1496,BFIN,-1.18
1262,68,VVPR,-1.19
1263,974,HSHP,-1.19
1264,1488,BIMI,-1.2
1265,1413,CATO,-1.21
1266,1037,GNS,-1.21
1267,789,LMFA,-1.21
1268,964,HUSA,-1.22
1269,425,QNRX,-1.22
1270,737,MDRR,-1.22
1271,640,NCA,-1.22
1272,731,METC,-1.23
1273,426,QNCX,-1.23
1274,474,PMM,-1.24
1275,250,SSSS,-1.24
1276,1318,CREX,-1.24
1277,1380,CIF,-1.24
1278,66,VYGR,-1.26
1279,637,NDLS,-1.28
1280,864,JWEL,-1.28
1281,1476,BLNK,-1.29
1282,1197,ELBM,-1.29
1283,1262,DIBS,-1.29
1284,525,OXSQ,-1.29
1285,1587,AP,-1.31
1286,707,MIST,-1.31
1287,810,LFLY,-1.31
1288,1226,DZSI,-1.32
1289,1320,CRDF,-1.32
1290,766,LUNA,-1.34
1291,201,TG,-1.35
1292,600,NOVN,-1.38
1293,213,TBLT,-1.39
1294,1444,BTA,-1.39
1295,434,PYN,-1.4
1296,1572,ARBB,-1.41
1297,110,VERA,-1.41
1298,1505,BCOV,-1.42
1299,116,VCIF,-1.42
1300,487,PHX,-1.43
1301,514,PCF,-1.43
1302,1153,EVTL,-1.45
1303,1059,GILT,-1.46
1304,444,PTVE,-1.46
1305,733,MERC,-1.47
1306,837,KRO,-1.48
1307,175,TRHC,-1.48
1308,1332,CONN,-1.5
1309,1144,FAMI,-1.5
1310,359,SACH,-1.5
1311,568,OCFT,-1.51
1312,234,SUPV,-1.51
1313,714,MHI,-1.51
1314,695,MNDO,-1.52
1315,1064,GHL,-1.54
1316,941,IGC,-1.56
1317,406,RDHL,-1.56
1318,891,ISSC,-1.57
1319,898,IPSC,-1.59
1320,1132,FENC,-1.59
1321,732,MESA,-1.59
1322,561,OIA,-1.6
1323,244,STIM,-1.61
1324,64,VYNT,-1.62
1325,1063,GHRS,-1.62
1326,1184,ENSV,-1.64
1327,511,PCTI,-1.64
1328,328,SGC,-1.64
1329,2,ZVIA,-1.64
1330,1478,BLFY,-1.65
1331,1595,ANGO,-1.65
1332,1515,BATL,-1.66
1333,508,PDLB,-1.66
1334,141,UONEK,-1.66
1335,1309,CTG,-1.68
1336,1641,AGS,-1.69
1337,1247,DRRX,-1.69
1338,675,MRCC,-1.69
1339,661,MTRX,-1.7
1340,1121,FLUX,-1.71
1341,1278,DAKT,-1.72
1342,606,NNBR,-1.74
1343,1103,FRST,-1.74
1344,225,SY,-1.74
1345,1082,GASS,-1.75
1346,109,VERI,-1.75
1347,482,PLBY,-1.76
1348,1423,CABA,-1.76
1349,14,YVR,-1.76
1350,1558,ASMB,-1.77
1351,672,MRKR,-1.77
1352,1131,FENG,-1.78
1353,1392,CFMS,-1.79
1354,721,MGF,-1.79
1355,1552,ASST,-1.79
1356,167,TSQ,-1.8
1357,416,RANI,-1.81
1358,932,IKT,-1.81
1359,613,NLTX,-1.81
1360,569,OCEA,-1.81
1361,1398,CEI,-1.82
1362,1090,FUV,-1.82
1363,992,HHS,-1.82
1364,779,LPTV,-1.84
1365,1140,FBRX,-1.85
1366,550,ONTF,-1.86
1367,1468,BNSO,-1.87
1368,667,MSGM,-1.87
1369,1201,EIGR,-1.87
1370,850,KITT,-1.87
1371,1137,FEAM,-1.88
1372,454,PRTH,-1.88
1373,920,IMUX,-1.89
1374,1493,BGFV,-1.89
1375,1188,EMKR,-1.9
1376,375,RNXT,-1.9
1377,467,PPSI,-1.9
1378,1681,ABOS,-1.92
1379,822,LASR,-1.92
1380,293,SMSI,-1.95
1381,376,RNLX,-2.01
1382,1566,AREN,-2.1
1383,62,WAVD,-2.12
1384,726,MFIN,-2.12
1385,1663,ADD,-2.15
1386,791,LL,-2.16
1387,983,HOLO,-2.17
1388,412,RCAT,-2.18
1389,270,SOS,-2.18
1390,1417,CARM,-2.18
1391,1461,BPT,-2.19
1392,1330,COSM,-2.19
1393,495,PFSW,-2.19
1394,605,NNOX,-2.19
1395,47,WNEB,-2.21
1396,552,ONDS,-2.21
1397,1276,DAO,-2.22
1398,899,IPDN,-2.23
1399,1187,ENG,-2.23
1400,464,PRLD,-2.24
1401,56,WIMI,-2.25
1402,539,OPRT,-2.26
1403,1347,CNEY,-2.26
1404,131,USEG,-2.27
1405,1045,GLUE,-2.28
1406,764,LVLU,-2.29
1407,1198,ELA,-2.29
1408,1664,ADCT,-2.29
1409,1465,BOLT,-2.3
1410,1608,AMPG,-2.3
1411,1185,ENOB,-2.34
1412,1033,GNUS,-2.35
1413,1174,EPSN,-2.36
1414,336,SEMR,-2.37
1415,36,XAIR,-2.38
1416,916,INDO,-2.38
1417,1407,CCLD,-2.39
1418,691,MNPR,-2.4
1419,750,MAV,-2.43
1420,1176,EPM,-2.43
1421,1117,FNKO,-2.46
1422,158,TUSK,-2.46
1423,1393,CETY,-2.47
1424,257,SRGA,-2.48
1425,841,KPRX,-2.49
1426,340,SEAC,-2.49
1427,155,TZOO,-2.52
1428,1331,CORR,-2.54
1429,263,SPWH,-2.54
1430,894,ISIG,-2.54
1431,967,HUDI,-2.54
1432,1503,BDRX,-2.55
1433,417,RAIN,-2.55
1434,329,SGBX,-2.55
1435,821,LBC,-2.56
1436,275,SOI,-2.56
1437,181,TOPS,-2.57
1438,380,RMED,-2.58
1439,1148,EYPT,-2.58
1440,635,NEGG,-2.59
1441,591,NTRB,-2.59
1442,385,RLMD,-2.61
1443,1590,ANTX,-2.65
1444,1530,AVDL,-2.68
1445,882,JAGX,-2.68
1446,16,YRD,-2.71
1447,267,SPI,-2.72
1448,652,MYO,-2.73
1449,296,SLRX,-2.73
1450,958,ICAD,-2.74
1451,1475,BLZE,-2.74
1452,1021,GROW,-2.75
1453,1509,BCAB,-2.75
1454,1109,FRBK,-2.76
1455,1003,HBIO,-2.83
1456,1375,CIO,-2.84
1457,1676,ACHL,-2.86
1458,1054,GLG,-2.87
1459,300,SLND,-2.87
1460,1561,ARTW,-2.88
1461,923,IMPL,-2.91
1462,69,VVOS,-2.93
1463,446,PTN,-2.94
1464,836,KRON,-2.94
1465,313,SIF,-2.94
1466,202,TFFP,-2.94
1467,370,RSLS,-2.94
1468,124,UXIN,-2.94
1469,134,USAU,-2.96
1470,643,NBSE,-2.97
1471,436,PXMD,-2.99
1472,608,NMTC,-2.99
1473,962,HYFM,-3.01
1474,911,INM,-3.03
1475,1687,AADI,-3.04
1476,371,RPTX,-3.05
1477,1222,EBET,-3.06
1478,808,LFT,-3.06
1479,1110,FRBA,-3.06
1480,386,RLGT,-3.08
1481,327,SGHT,-3.08
1482,955,ICG,-3.09
1483,598,NRBO,-3.1
1484,744,MCLD,-3.11
1485,1,ZVRA,-3.21
1486,309,SISI,-3.26
1487,1573,ARAV,-3.26
1488,1628,AIXI,-3.27
1489,679,MPAA,-3.29
1490,1607,AMPX,-3.3
1491,1660,ADN,-3.3
1492,910,INMB,-3.31
1493,858,KALV,-3.35
1494,165,TSVT,-3.36
1495,401,REKR,-3.36
1496,792,LKCO,-3.37
1497,339,SECO,-3.39
1498,323,SGTX,-3.39
1499,1249,DRIO,-3.39
1500,1126,FHTX,-3.43
1501,690,MNTK,-3.44
1502,843,KOD,-3.45
1503,1095,FTFT,-3.45
1504,384,RLYB,-3.46
1505,1266,DFLI,-3.47
1506,1471,BNED,-3.48
1507,106,VGAS,-3.49
1508,67,VWE,-3.55
1509,1619,ALLT,-3.56
1510,1510,BBLN,-3.6
1511,1020,GRPN,-3.61
1512,1418,CARA,-3.61
1513,1409,CCCC,-3.63
1514,1527,AVTX,-3.67
1515,782,LOOP,-3.68
1516,1213,EDSA,-3.7
1517,1502,BDSX,-3.74
1518,382,RMBL,-3.74
1519,404,RDW,-3.75
1520,914,INFU,-3.77
1521,316,SIDU,-3.8
1522,1613,ALVR,-3.8
1523,997,HEPS,-3.82
1524,241,STRM,-3.85
1525,1364,CLPR,-3.87
1526,1453,BRN,-3.88
1527,1161,EVER,-3.91
1528,1612,ALXO,-3.92
1529,118,VBIV,-3.93
1530,456,PRT,-3.95
1531,303,SLDB,-3.97
1532,1225,EAR,-3.99
1533,164,TTCF,-4.0
1534,1084,GAN,-4.0
1535,1236,DTSS,-4.02
1536,1426,BYRN,-4.03
1537,330,SFWL,-4.06
1538,1322,CRD-A,-4.07
1539,1446,BSGM,-4.09
1540,1180,ENZ,-4.12
1541,312,SIGA,-4.17
1542,1032,GOVX,-4.19
1543,239,STSA,-4.21
1544,504,PESI,-4.22
1545,1489,BIG,-4.27
1546,1436,BTTX,-4.29
1547,1565,ARIS,-4.38
1548,758,LX,-4.38
1549,1560,ARVL,-4.49
1550,1675,ACHV,-4.49
1551,1000,HCTI,-4.5
1552,6,ZJYL,-4.52
1553,553,ONCS,-4.55
1554,893,ISPC,-4.57
1555,19,YMAB,-4.59
1556,1474,BMR,-4.59
1557,272,SONX,-4.62
1558,183,TOMZ,-4.63
1559,595,NRXP,-4.66
1560,835,KSCP,-4.66
1561,169,TSHA,-4.66
1562,546,OPAL,-4.67
1563,541,OPI,-4.7
1564,578,NXPL,-4.71
1565,653,MYNZ,-4.72
1566,1563,ARQQ,-4.72
1567,1200,EJH,-4.81
1568,53,WISH,-4.85
1569,751,MASS,-4.85
1570,670,MRNS,-4.88
1571,727,MFH,-4.88
1572,34,XBIT,-4.89
1573,453,PRTK,-4.96
1574,377,RNAZ,-4.98
1575,1406,CCM,-5.04
1576,969,HTOO,-5.06
1577,73,VS,-5.1
1578,1094,FTHM,-5.11
1579,770,LTRY,-5.21
1580,1583,APGN,-5.24
1581,96,VIRI,-5.26
1582,811,LFCR,-5.27
1583,658,MVLA,-5.3
1584,1645,AGIL,-5.37
1585,185,TMPO,-5.44
1586,1280,CZOO,-5.51
1587,451,PSNL,-5.54
1588,127,UTME,-5.55
1589,1599,AMV,-5.55
1590,432,PYXS,-5.57
1591,639,NCPL,-5.63
1592,867,JT,-5.66
1593,22,YGF,-5.74
1594,1093,FULC,-5.77
1595,535,ORIC,-5.77
1596,78,VRAR,-5.8
1597,1365,CLNN,-5.81
1598,156,TXMD,-5.82
1599,755,LYT,-5.83
1600,1219,ECOR,-5.93
1601,1098,FTCI,-5.94
1602,738,MDJH,-5.96
1603,1464,BON,-5.97
1604,11,ZENV,-5.99
1605,1107,FREQ,-6.0
1606,505,PEGY,-6.01
1607,655,MYMD,-6.05
1608,242,STOK,-6.08
1609,84,VOR,-6.1
1610,538,OPT,-6.11
1611,473,PMVP,-6.13
1612,712,MICS,-6.13
1613,1531,AUVI,-6.25
1614,1232,DUOT,-6.33
1615,1425,BYSI,-6.47
1616,1189,EMBK,-6.48
1617,1600,AMTX,-6.51
1618,1514,BBAI,-6.55
1619,1401,CDZI,-6.57
1620,285,SNGX,-6.63
1621,917,INBS,-6.67
1622,148,UGRO,-6.7
1623,687,MOBQ,-6.75
1624,576,NXTP,-6.87
1625,1548,ATHA,-6.94
1626,15,YTEN,-7.06
1627,1447,BSFC,-7.11
1628,1315,CRMD,-7.18
1629,362,RVYL,-7.25
1630,1105,FRGT,-7.26
1631,115,VCIG,-7.53
1632,1357,CLXT,-7.54
1633,1122,FLNT,-7.63
1634,1316,CRKN,-7.63
1635,44,WRAP,-7.77
1636,1233,DUO,-7.78
1637,713,MHUA,-7.83
1638,1433,BVXV,-8.0
1639,515,PBYI,-8.03
1640,1108,FREE,-8.23
1641,1414,CASI,-8.48
1642,307,SJT,-8.64
1643,901,IONM,-8.64
1644,966,HUGE,-8.74
1645,1163,EVAX,-8.87
1646,1439,BTCY,-9.06
1647,949,IDAI,-9.19
1648,709,MINM,-9.23
1649,696,MMV,-9.32
1650,290,SNAX,-9.32
1651,1495,BFRG,-9.56
1652,554,ONCR,-9.71
1653,1546,ATHX,-9.83
1654,89,VLON,-9.91
1655,677,MRAI,-10.36
1656,1603,AMST,-10.43
1657,1422,CADL,-10.65
1658,904,INVO,-11.02
1659,768,LUCY,-11.08
1660,944,IFBD,-11.13
1661,195,TIRX,-11.3
1662,1421,CAMP,-11.7
1663,973,HSTO,-12.0
1664,54,WISA,-12.26
1665,429,QIPT,-12.57
1666,153,UBX,-13.04
1667,558,OMEX,-13.04
1668,761,LVTX,-13.57
1669,619,NIR,-14.25
1670,566,OCTO,-14.98
1671,827,KWE,-14.98
1672,753,MARK,-15.78
1673,840,KRBP,-15.83
1674,907,INPX,-15.94
1675,1516,BAOS,-16.01
1676,199,THMO,-16.67
1677,1629,AIU,-19.05
1678,358,SAI,-19.11
1679,1391,CFRX,-20.46
1680,1538,ATXI,-20.86
1681,1479,BLCM,-23.5
1682,845,KNTE,-24.24
1683,1345,CNSP,-25.6
1684,1273,DBGI,-27.88
1685,1480,BLBX,-29.22
1686,457,PRST,-30.66
1687,147,UIHC,-54.02
1688,1374,CJJD,-73.65
